timestamp,filepath,label,signer,frames
2026-07-13T17:19:43.943601,landmarks/obat/albert_william/obat_albert_william_20260713_162620_obat_001.npy,obat,albert_william,30
2026-07-13T17:19:43.964887,landmarks/obat/albert_william/obat_albert_william_20260713_162620_obat_002.npy,obat,albert_william,30
2026-07-13T17:19:44.020732,landmarks/obat/albert_william/obat_albert_william_20260713_162620_obat_003.npy,obat,albert_william,30
2026-07-13T17:19:44.070186,landmarks/obat/albert_william/obat_albert_william_20260713_162620_obat_004.npy,obat,albert_william,30
2026-07-13T17:19:44.110727,landmarks/obat/albert_william/obat_albert_william_20260713_162620_obat_005.npy,obat,albert_william,30
2026-07-13T17:19:44.168844,landmarks/obat/glenn/obat_glenn_20260713_163440_obat_001.npy,obat,glenn,30
2026-07-13T17:19:44.211358,landmarks/obat/glenn/obat_glenn_20260713_163440_obat_002.npy,obat,glenn,30
2026-07-13T17:19:44.241223,landmarks/obat/glenn/obat_glenn_20260713_163440_obat_003.npy,obat,glenn,30
2026-07-13T17:19:44.307587,landmarks/obat/glenn/obat_glenn_20260713_163440_obat_004.npy,obat,glenn,30
2026-07-13T17:19:44.361971,landmarks/obat/glenn/obat_glenn_20260713_163440_obat_005.npy,obat,glenn,30
2026-07-13T17:26:25.736439,landmarks/obat/glenn/obat_glenn_20260713_172613_obat_001.npy,obat,glenn,30
2026-07-13T17:26:36.560066,landmarks/obat/glenn/obat_glenn_20260713_172613_obat_002.npy,obat,glenn,30
2026-07-13T17:26:47.835032,landmarks/obat/glenn/obat_glenn_20260713_172613_obat_003.npy,obat,glenn,30
2026-07-13T17:26:59.626487,landmarks/obat/glenn/obat_glenn_20260713_172613_obat_004.npy,obat,glenn,30
2026-07-13T17:27:11.269545,landmarks/obat/glenn/obat_glenn_20260713_172613_obat_005.npy,obat,glenn,30
2026-07-13T17:30:58.849654,landmarks/sakit/glenn/sakit_glenn_20260713_173049_sakit_001.npy,sakit,glenn,30
2026-07-13T17:31:09.590796,landmarks/sakit/glenn/sakit_glenn_20260713_173049_sakit_002.npy,sakit,glenn,30
2026-07-13T17:31:20.102361,landmarks/sakit/glenn/sakit_glenn_20260713_173049_sakit_003.npy,sakit,glenn,30
2026-07-13T17:31:29.878164,landmarks/sakit/glenn/sakit_glenn_20260713_173049_sakit_004.npy,sakit,glenn,30
2026-07-13T17:31:40.155580,landmarks/sakit/glenn/sakit_glenn_20260713_173049_sakit_005.npy,sakit,glenn,30
2026-07-13T17:32:27.658375,landmarks/sakit/glenn/sakit_glenn_20260713_173217_sakit_001.npy,sakit,glenn,30
2026-07-13T17:32:37.924226,landmarks/sakit/glenn/sakit_glenn_20260713_173217_sakit_002.npy,sakit,glenn,30
2026-07-13T17:32:48.005702,landmarks/sakit/glenn/sakit_glenn_20260713_173217_sakit_003.npy,sakit,glenn,30
2026-07-13T17:32:57.962406,landmarks/sakit/glenn/sakit_glenn_20260713_173217_sakit_004.npy,sakit,glenn,30
2026-07-13T17:33:08.849390,landmarks/sakit/glenn/sakit_glenn_20260713_173217_sakit_005.npy,sakit,glenn,30
2026-07-13T17:41:20.271854,landmarks/sakit/glenn/sakit_glenn_20260713_174105_sakit_001.npy,sakit,glenn,30
2026-07-13T17:41:32.119067,landmarks/sakit/glenn/sakit_glenn_20260713_174105_sakit_002.npy,sakit,glenn,30
2026-07-13T17:41:43.139517,landmarks/sakit/glenn/sakit_glenn_20260713_174105_sakit_003.npy,sakit,glenn,30
2026-07-13T17:41:54.190302,landmarks/sakit/glenn/sakit_glenn_20260713_174105_sakit_004.npy,sakit,glenn,30
2026-07-13T17:42:04.795893,landmarks/sakit/glenn/sakit_glenn_20260713_174105_sakit_005.npy,sakit,glenn,30
2026-07-13T17:43:58.941233,landmarks/obat/loren/obat_loren_20260713_174348_obat_001.npy,obat,loren,30
2026-07-13T17:44:10.290710,landmarks/obat/loren/obat_loren_20260713_174348_obat_002.npy,obat,loren,30
2026-07-13T17:44:21.866286,landmarks/obat/loren/obat_loren_20260713_174348_obat_003.npy,obat,loren,30
2026-07-13T17:44:33.003247,landmarks/obat/loren/obat_loren_20260713_174348_obat_004.npy,obat,loren,30
2026-07-13T17:44:43.861721,landmarks/obat/loren/obat_loren_20260713_174348_obat_005.npy,obat,loren,30
2026-07-13T17:45:30.360188,landmarks/obat/loren/obat_loren_20260713_174520_obat_001.npy,obat,loren,30
2026-07-13T17:45:39.908734,landmarks/obat/loren/obat_loren_20260713_174520_obat_002.npy,obat,loren,30
2026-07-13T17:45:49.880744,landmarks/obat/loren/obat_loren_20260713_174520_obat_003.npy,obat,loren,30
2026-07-13T17:46:01.509860,landmarks/obat/loren/obat_loren_20260713_174520_obat_004.npy,obat,loren,30
2026-07-13T17:46:13.049532,landmarks/obat/loren/obat_loren_20260713_174520_obat_005.npy,obat,loren,30
2026-07-13T17:46:37.135784,landmarks/obat/loren/obat_loren_20260713_174626_obat_001.npy,obat,loren,30
2026-07-13T17:46:47.488958,landmarks/obat/loren/obat_loren_20260713_174626_obat_002.npy,obat,loren,30
2026-07-13T17:46:57.084823,landmarks/obat/loren/obat_loren_20260713_174626_obat_003.npy,obat,loren,30
2026-07-13T17:47:07.229022,landmarks/obat/loren/obat_loren_20260713_174626_obat_004.npy,obat,loren,30
2026-07-13T17:47:18.167241,landmarks/obat/loren/obat_loren_20260713_174626_obat_005.npy,obat,loren,30
2026-07-13T17:50:36.066744,landmarks/sakit/loren/sakit_loren_20260713_175026_sakit_001.npy,sakit,loren,30
2026-07-13T17:50:45.966010,landmarks/sakit/loren/sakit_loren_20260713_175026_sakit_002.npy,sakit,loren,30
2026-07-13T17:50:56.410865,landmarks/sakit/loren/sakit_loren_20260713_175026_sakit_003.npy,sakit,loren,30
2026-07-13T17:51:05.672375,landmarks/sakit/loren/sakit_loren_20260713_175026_sakit_004.npy,sakit,loren,30
2026-07-13T17:51:19.532420,landmarks/sakit/loren/sakit_loren_20260713_175026_sakit_005.npy,sakit,loren,30
2026-07-13T17:54:58.479256,landmarks/dokter/glenn/dokter_glenn_20260713_175446_dokter_001.npy,dokter,glenn,30
2026-07-13T17:55:10.292771,landmarks/dokter/glenn/dokter_glenn_20260713_175446_dokter_002.npy,dokter,glenn,30
2026-07-13T17:55:21.745902,landmarks/dokter/glenn/dokter_glenn_20260713_175446_dokter_003.npy,dokter,glenn,30
2026-07-13T17:55:34.095860,landmarks/dokter/glenn/dokter_glenn_20260713_175446_dokter_004.npy,dokter,glenn,30
2026-07-13T17:55:45.437453,landmarks/dokter/glenn/dokter_glenn_20260713_175446_dokter_005.npy,dokter,glenn,30
2026-07-13T17:56:06.449975,landmarks/dokter/glenn/dokter_glenn_20260713_175553_dokter_001.npy,dokter,glenn,30
2026-07-13T17:56:17.528305,landmarks/dokter/glenn/dokter_glenn_20260713_175553_dokter_002.npy,dokter,glenn,30
2026-07-13T17:56:29.323440,landmarks/dokter/glenn/dokter_glenn_20260713_175553_dokter_003.npy,dokter,glenn,30
2026-07-13T17:56:40.991493,landmarks/dokter/glenn/dokter_glenn_20260713_175553_dokter_004.npy,dokter,glenn,30
2026-07-13T17:56:52.290901,landmarks/dokter/glenn/dokter_glenn_20260713_175553_dokter_005.npy,dokter,glenn,30
2026-07-13T17:57:43.823747,landmarks/dokter/glenn/dokter_glenn_20260713_175732_dokter_001.npy,dokter,glenn,30
2026-07-13T17:57:54.884669,landmarks/dokter/glenn/dokter_glenn_20260713_175732_dokter_002.npy,dokter,glenn,30
2026-07-13T17:58:06.255977,landmarks/dokter/glenn/dokter_glenn_20260713_175732_dokter_003.npy,dokter,glenn,30
2026-07-13T17:58:17.311597,landmarks/dokter/glenn/dokter_glenn_20260713_175732_dokter_004.npy,dokter,glenn,30
2026-07-13T17:58:29.137233,landmarks/dokter/glenn/dokter_glenn_20260713_175732_dokter_005.npy,dokter,glenn,30
2026-07-13T18:01:55.585711,landmarks/periksa/glenn/periksa_glenn_20260713_180143_periksa_001.npy,periksa,glenn,30
2026-07-13T18:02:07.546997,landmarks/periksa/glenn/periksa_glenn_20260713_180143_periksa_002.npy,periksa,glenn,30
2026-07-13T18:02:19.563983,landmarks/periksa/glenn/periksa_glenn_20260713_180143_periksa_003.npy,periksa,glenn,30
2026-07-13T18:02:31.306066,landmarks/periksa/glenn/periksa_glenn_20260713_180143_periksa_004.npy,periksa,glenn,30
2026-07-13T18:02:43.358148,landmarks/periksa/glenn/periksa_glenn_20260713_180143_periksa_005.npy,periksa,glenn,30
2026-07-13T18:03:03.341146,landmarks/periksa/glenn/periksa_glenn_20260713_180251_periksa_001.npy,periksa,glenn,30
2026-07-13T18:03:14.725208,landmarks/periksa/glenn/periksa_glenn_20260713_180251_periksa_002.npy,periksa,glenn,30
2026-07-13T18:03:26.188763,landmarks/periksa/glenn/periksa_glenn_20260713_180251_periksa_003.npy,periksa,glenn,30
2026-07-13T18:03:37.882018,landmarks/periksa/glenn/periksa_glenn_20260713_180251_periksa_004.npy,periksa,glenn,30
2026-07-13T18:03:48.768707,landmarks/periksa/glenn/periksa_glenn_20260713_180251_periksa_005.npy,periksa,glenn,30
2026-07-13T18:05:13.385130,landmarks/dokter/loren/dokter_loren_20260713_180503_dokter_001.npy,dokter,loren,30
2026-07-13T18:05:23.241548,landmarks/dokter/loren/dokter_loren_20260713_180503_dokter_002.npy,dokter,loren,30
2026-07-13T18:05:33.884751,landmarks/dokter/loren/dokter_loren_20260713_180503_dokter_003.npy,dokter,loren,30
2026-07-13T18:05:44.306869,landmarks/dokter/loren/dokter_loren_20260713_180503_dokter_004.npy,dokter,loren,30
2026-07-13T18:05:55.180218,landmarks/dokter/loren/dokter_loren_20260713_180503_dokter_005.npy,dokter,loren,30
2026-07-13T18:06:18.392017,landmarks/dokter/loren/dokter_loren_20260713_180608_dokter_001.npy,dokter,loren,30
2026-07-13T18:06:29.457332,landmarks/dokter/loren/dokter_loren_20260713_180608_dokter_002.npy,dokter,loren,30
2026-07-13T18:06:41.428635,landmarks/dokter/loren/dokter_loren_20260713_180608_dokter_003.npy,dokter,loren,30
2026-07-13T18:06:52.935294,landmarks/dokter/loren/dokter_loren_20260713_180608_dokter_004.npy,dokter,loren,30
2026-07-13T18:07:03.996199,landmarks/dokter/loren/dokter_loren_20260713_180608_dokter_005.npy,dokter,loren,30
2026-07-13T18:07:23.326633,landmarks/dokter/loren/dokter_loren_20260713_180712_dokter_001.npy,dokter,loren,30
2026-07-13T18:07:34.873532,landmarks/dokter/loren/dokter_loren_20260713_180712_dokter_002.npy,dokter,loren,30
2026-07-13T18:07:46.038601,landmarks/dokter/loren/dokter_loren_20260713_180712_dokter_003.npy,dokter,loren,30
2026-07-13T18:07:57.278740,landmarks/dokter/loren/dokter_loren_20260713_180712_dokter_004.npy,dokter,loren,30
2026-07-13T18:08:09.055986,landmarks/dokter/loren/dokter_loren_20260713_180712_dokter_005.npy,dokter,loren,30
2026-07-13T18:09:06.956918,landmarks/periksa/loren/periksa_loren_20260713_180856_periksa_001.npy,periksa,loren,30
2026-07-13T18:09:18.109784,landmarks/periksa/loren/periksa_loren_20260713_180856_periksa_002.npy,periksa,loren,30
2026-07-13T18:09:29.749566,landmarks/periksa/loren/periksa_loren_20260713_180856_periksa_003.npy,periksa,loren,30
2026-07-13T18:09:41.233755,landmarks/periksa/loren/periksa_loren_20260713_180856_periksa_004.npy,periksa,loren,30
2026-07-13T18:09:52.379697,landmarks/periksa/loren/periksa_loren_20260713_180856_periksa_005.npy,periksa,loren,30
2026-07-13T18:10:11.256649,landmarks/periksa/loren/periksa_loren_20260713_181000_periksa_001.npy,periksa,loren,30
2026-07-13T18:10:21.740849,landmarks/periksa/loren/periksa_loren_20260713_181000_periksa_002.npy,periksa,loren,30
2026-07-13T18:10:33.425847,landmarks/periksa/loren/periksa_loren_20260713_181000_periksa_003.npy,periksa,loren,30
2026-07-13T18:10:44.475902,landmarks/periksa/loren/periksa_loren_20260713_181000_periksa_004.npy,periksa,loren,30
2026-07-13T18:10:55.155888,landmarks/periksa/loren/periksa_loren_20260713_181000_periksa_005.npy,periksa,loren,30
2026-07-13T18:11:12.200133,landmarks/periksa/loren/periksa_loren_20260713_181102_periksa_001.npy,periksa,loren,30
2026-07-13T18:11:22.737586,landmarks/periksa/loren/periksa_loren_20260713_181102_periksa_002.npy,periksa,loren,30
2026-07-13T18:11:33.525366,landmarks/periksa/loren/periksa_loren_20260713_181102_periksa_003.npy,periksa,loren,30
2026-07-13T18:11:44.370734,landmarks/periksa/loren/periksa_loren_20260713_181102_periksa_004.npy,periksa,loren,30
2026-07-13T18:11:54.753010,landmarks/periksa/loren/periksa_loren_20260713_181102_periksa_005.npy,periksa,loren,30
2026-07-13T18:13:59.569270,landmarks/sembuh/loren/sembuh_loren_20260713_181347_sembuh_001.npy,sembuh,loren,30
2026-07-13T18:14:11.300275,landmarks/sembuh/loren/sembuh_loren_20260713_181347_sembuh_002.npy,sembuh,loren,30
2026-07-13T18:14:22.992753,landmarks/sembuh/loren/sembuh_loren_20260713_181347_sembuh_003.npy,sembuh,loren,30
2026-07-13T18:14:34.157915,landmarks/sembuh/loren/sembuh_loren_20260713_181347_sembuh_004.npy,sembuh,loren,30
2026-07-13T18:14:45.742631,landmarks/sembuh/loren/sembuh_loren_20260713_181347_sembuh_005.npy,sembuh,loren,30
2026-07-13T18:15:06.949139,landmarks/sembuh/loren/sembuh_loren_20260713_181456_sembuh_001.npy,sembuh,loren,30
2026-07-13T18:15:20.860466,landmarks/sembuh/loren/sembuh_loren_20260713_181456_sembuh_002.npy,sembuh,loren,30
2026-07-13T18:15:31.904411,landmarks/sembuh/loren/sembuh_loren_20260713_181456_sembuh_003.npy,sembuh,loren,30
2026-07-13T18:15:43.216164,landmarks/sembuh/loren/sembuh_loren_20260713_181456_sembuh_004.npy,sembuh,loren,30
2026-07-13T18:15:55.033634,landmarks/sembuh/loren/sembuh_loren_20260713_181456_sembuh_005.npy,sembuh,loren,30
2026-07-13T18:16:16.479772,landmarks/sembuh/loren/sembuh_loren_20260713_181604_sembuh_001.npy,sembuh,loren,30
2026-07-13T18:16:27.132705,landmarks/sembuh/loren/sembuh_loren_20260713_181604_sembuh_002.npy,sembuh,loren,30
2026-07-13T18:16:38.506386,landmarks/sembuh/loren/sembuh_loren_20260713_181604_sembuh_003.npy,sembuh,loren,30
2026-07-13T18:16:49.568439,landmarks/sembuh/loren/sembuh_loren_20260713_181604_sembuh_004.npy,sembuh,loren,30
2026-07-13T18:17:01.115040,landmarks/sembuh/loren/sembuh_loren_20260713_181604_sembuh_005.npy,sembuh,loren,30
2026-07-13T18:20:04.383763,landmarks/sembuh/loren/sembuh_loren_20260713_181938_sembuh_001.npy,sembuh,loren,30
2026-07-13T18:20:15.788046,landmarks/sembuh/loren/sembuh_loren_20260713_181938_sembuh_002.npy,sembuh,loren,30
2026-07-13T18:20:26.890263,landmarks/sembuh/loren/sembuh_loren_20260713_181938_sembuh_003.npy,sembuh,loren,30
2026-07-13T18:20:37.257418,landmarks/sembuh/loren/sembuh_loren_20260713_181938_sembuh_004.npy,sembuh,loren,30
2026-07-13T18:20:49.196528,landmarks/sembuh/loren/sembuh_loren_20260713_181938_sembuh_005.npy,sembuh,loren,30
2026-07-13T18:20:59.853745,landmarks/resep/loren/resep_loren_20260713_181938_resep_001.npy,resep,loren,30
2026-07-13T18:21:30.026143,landmarks/resep/loren/resep_loren_20260713_181938_resep_002.npy,resep,loren,30
2026-07-13T18:21:42.138915,landmarks/resep/loren/resep_loren_20260713_181938_resep_003.npy,resep,loren,30
2026-07-13T18:21:54.422303,landmarks/resep/loren/resep_loren_20260713_181938_resep_004.npy,resep,loren,30
2026-07-13T18:22:06.110774,landmarks/resep/loren/resep_loren_20260713_181938_resep_005.npy,resep,loren,30
2026-07-13T18:22:50.031522,landmarks/resep/loren/resep_loren_20260713_182238_resep_001.npy,resep,loren,30
2026-07-13T18:23:01.196469,landmarks/resep/loren/resep_loren_20260713_182238_resep_002.npy,resep,loren,30
2026-07-13T18:23:13.055351,landmarks/resep/loren/resep_loren_20260713_182238_resep_003.npy,resep,loren,30
2026-07-13T18:23:24.254827,landmarks/resep/loren/resep_loren_20260713_182238_resep_004.npy,resep,loren,30
2026-07-13T18:23:36.308663,landmarks/resep/loren/resep_loren_20260713_182238_resep_005.npy,resep,loren,30
2026-07-13T18:23:54.881067,landmarks/resep/loren/resep_loren_20260713_182343_resep_001.npy,resep,loren,30
2026-07-13T18:24:06.365911,landmarks/resep/loren/resep_loren_20260713_182343_resep_002.npy,resep,loren,30
2026-07-13T18:24:17.296391,landmarks/resep/loren/resep_loren_20260713_182343_resep_003.npy,resep,loren,30
2026-07-13T18:24:28.585933,landmarks/resep/loren/resep_loren_20260713_182343_resep_004.npy,resep,loren,30
2026-07-13T18:24:39.501325,landmarks/resep/loren/resep_loren_20260713_182343_resep_005.npy,resep,loren,30
2026-07-13T18:26:19.014121,landmarks/alergi/loren/alergi_loren_20260713_182607_alergi_001.npy,alergi,loren,30
2026-07-13T18:26:30.797316,landmarks/alergi/loren/alergi_loren_20260713_182607_alergi_002.npy,alergi,loren,30
2026-07-13T18:26:42.826229,landmarks/alergi/loren/alergi_loren_20260713_182607_alergi_003.npy,alergi,loren,30
2026-07-13T18:26:54.079026,landmarks/alergi/loren/alergi_loren_20260713_182607_alergi_004.npy,alergi,loren,30
2026-07-13T18:27:05.989494,landmarks/alergi/loren/alergi_loren_20260713_182607_alergi_005.npy,alergi,loren,30
2026-07-13T18:27:24.938560,landmarks/alergi/loren/alergi_loren_20260713_182713_alergi_001.npy,alergi,loren,30
2026-07-13T18:27:36.788068,landmarks/alergi/loren/alergi_loren_20260713_182713_alergi_002.npy,alergi,loren,30
2026-07-13T18:27:50.010134,landmarks/alergi/loren/alergi_loren_20260713_182713_alergi_003.npy,alergi,loren,30
2026-07-13T18:28:01.412248,landmarks/alergi/loren/alergi_loren_20260713_182713_alergi_004.npy,alergi,loren,30
2026-07-13T18:28:12.455809,landmarks/alergi/loren/alergi_loren_20260713_182713_alergi_005.npy,alergi,loren,30
2026-07-13T18:28:33.386845,landmarks/alergi/loren/alergi_loren_20260713_182821_alergi_001.npy,alergi,loren,30
2026-07-13T18:28:44.798850,landmarks/alergi/loren/alergi_loren_20260713_182821_alergi_002.npy,alergi,loren,30
2026-07-13T18:28:56.608399,landmarks/alergi/loren/alergi_loren_20260713_182821_alergi_003.npy,alergi,loren,30
2026-07-13T18:29:07.753041,landmarks/alergi/loren/alergi_loren_20260713_182821_alergi_004.npy,alergi,loren,30
2026-07-13T18:29:19.387254,landmarks/alergi/loren/alergi_loren_20260713_182821_alergi_005.npy,alergi,loren,30
2026-07-13T18:32:01.824290,landmarks/berapa/loren/berapa_loren_20260713_183150_berapa_001.npy,berapa,loren,30
2026-07-13T18:32:12.275383,landmarks/berapa/loren/berapa_loren_20260713_183150_berapa_002.npy,berapa,loren,30
2026-07-13T18:32:22.640625,landmarks/berapa/loren/berapa_loren_20260713_183150_berapa_003.npy,berapa,loren,30
2026-07-13T18:32:33.034889,landmarks/berapa/loren/berapa_loren_20260713_183150_berapa_004.npy,berapa,loren,30
2026-07-13T18:32:44.041128,landmarks/berapa/loren/berapa_loren_20260713_183150_berapa_005.npy,berapa,loren,30
2026-07-13T18:33:55.939256,landmarks/berapa/loren/berapa_loren_20260713_183345_berapa_001.npy,berapa,loren,30
2026-07-13T18:34:06.649423,landmarks/berapa/loren/berapa_loren_20260713_183345_berapa_002.npy,berapa,loren,30
2026-07-13T18:34:17.408132,landmarks/berapa/loren/berapa_loren_20260713_183345_berapa_003.npy,berapa,loren,30
2026-07-13T18:34:32.600456,landmarks/berapa/loren/berapa_loren_20260713_183345_berapa_004.npy,berapa,loren,30
2026-07-13T18:34:43.291941,landmarks/berapa/loren/berapa_loren_20260713_183345_berapa_005.npy,berapa,loren,30
2026-07-13T18:35:02.441047,landmarks/berapa/loren/berapa_loren_20260713_183452_berapa_001.npy,berapa,loren,30
2026-07-13T18:35:12.972819,landmarks/berapa/loren/berapa_loren_20260713_183452_berapa_002.npy,berapa,loren,30
2026-07-13T18:35:22.905424,landmarks/berapa/loren/berapa_loren_20260713_183452_berapa_003.npy,berapa,loren,30
2026-07-13T18:35:33.565970,landmarks/berapa/loren/berapa_loren_20260713_183452_berapa_004.npy,berapa,loren,30
2026-07-13T18:35:43.583021,landmarks/berapa/loren/berapa_loren_20260713_183452_berapa_005.npy,berapa,loren,30
2026-07-13T18:36:47.285997,landmarks/kapan/loren/kapan_loren_20260713_183637_kapan_001.npy,kapan,loren,30
2026-07-13T18:36:57.155330,landmarks/kapan/loren/kapan_loren_20260713_183637_kapan_002.npy,kapan,loren,30
2026-07-13T18:37:07.563687,landmarks/kapan/loren/kapan_loren_20260713_183637_kapan_003.npy,kapan,loren,30
2026-07-13T18:37:17.770398,landmarks/kapan/loren/kapan_loren_20260713_183637_kapan_004.npy,kapan,loren,30
2026-07-13T18:37:28.338090,landmarks/kapan/loren/kapan_loren_20260713_183637_kapan_005.npy,kapan,loren,30
2026-07-13T18:37:47.689388,landmarks/kapan/loren/kapan_loren_20260713_183737_kapan_001.npy,kapan,loren,30
2026-07-13T18:37:58.235654,landmarks/kapan/loren/kapan_loren_20260713_183737_kapan_002.npy,kapan,loren,30
2026-07-13T18:38:08.505674,landmarks/kapan/loren/kapan_loren_20260713_183737_kapan_003.npy,kapan,loren,30
2026-07-13T18:38:19.080171,landmarks/kapan/loren/kapan_loren_20260713_183737_kapan_004.npy,kapan,loren,30
2026-07-13T18:38:30.107116,landmarks/kapan/loren/kapan_loren_20260713_183737_kapan_005.npy,kapan,loren,30
2026-07-13T18:38:50.971686,landmarks/kapan/loren/kapan_loren_20260713_183840_kapan_001.npy,kapan,loren,30
2026-07-13T18:39:01.379768,landmarks/kapan/loren/kapan_loren_20260713_183840_kapan_002.npy,kapan,loren,30
2026-07-13T18:39:11.856616,landmarks/kapan/loren/kapan_loren_20260713_183840_kapan_003.npy,kapan,loren,30
2026-07-13T18:39:22.145557,landmarks/kapan/loren/kapan_loren_20260713_183840_kapan_004.npy,kapan,loren,30
2026-07-13T18:39:32.865659,landmarks/kapan/loren/kapan_loren_20260713_183840_kapan_005.npy,kapan,loren,30
2026-07-13T18:42:50.344593,landmarks/pagi/loren/pagi_loren_20260713_184236_pagi_001.npy,pagi,loren,30
2026-07-13T18:43:01.249190,landmarks/pagi/loren/pagi_loren_20260713_184236_pagi_002.npy,pagi,loren,30
2026-07-13T18:43:11.421401,landmarks/pagi/loren/pagi_loren_20260713_184236_pagi_003.npy,pagi,loren,30
2026-07-13T18:43:22.326600,landmarks/pagi/loren/pagi_loren_20260713_184236_pagi_004.npy,pagi,loren,30
2026-07-13T18:43:33.112530,landmarks/pagi/loren/pagi_loren_20260713_184236_pagi_005.npy,pagi,loren,30
2026-07-13T18:43:57.767183,landmarks/pagi/loren/pagi_loren_20260713_184347_pagi_001.npy,pagi,loren,30
2026-07-13T18:44:07.940566,landmarks/pagi/loren/pagi_loren_20260713_184347_pagi_002.npy,pagi,loren,30
2026-07-13T18:44:18.329297,landmarks/pagi/loren/pagi_loren_20260713_184347_pagi_003.npy,pagi,loren,30
2026-07-13T18:44:28.437629,landmarks/pagi/loren/pagi_loren_20260713_184347_pagi_004.npy,pagi,loren,30
2026-07-13T18:44:39.040378,landmarks/pagi/loren/pagi_loren_20260713_184347_pagi_005.npy,pagi,loren,30
2026-07-13T18:44:57.718091,landmarks/pagi/loren/pagi_loren_20260713_184447_pagi_001.npy,pagi,loren,30
2026-07-13T18:45:08.806691,landmarks/pagi/loren/pagi_loren_20260713_184447_pagi_002.npy,pagi,loren,30
2026-07-13T18:45:19.180324,landmarks/pagi/loren/pagi_loren_20260713_184447_pagi_003.npy,pagi,loren,30
2026-07-13T18:45:30.206436,landmarks/pagi/loren/pagi_loren_20260713_184447_pagi_004.npy,pagi,loren,30
2026-07-13T18:45:40.669983,landmarks/pagi/loren/pagi_loren_20260713_184447_pagi_005.npy,pagi,loren,30
2026-07-13T18:48:04.619818,landmarks/siang/loren/siang_loren_20260713_184752_siang_001.npy,siang,loren,30
2026-07-13T18:48:15.251151,landmarks/siang/loren/siang_loren_20260713_184752_siang_002.npy,siang,loren,30
2026-07-13T18:48:26.506483,landmarks/siang/loren/siang_loren_20260713_184752_siang_003.npy,siang,loren,30
2026-07-13T18:48:37.391661,landmarks/siang/loren/siang_loren_20260713_184752_siang_004.npy,siang,loren,30
2026-07-13T18:48:48.731859,landmarks/siang/loren/siang_loren_20260713_184752_siang_005.npy,siang,loren,30
2026-07-13T18:49:11.090697,landmarks/siang/loren/siang_loren_20260713_184900_siang_001.npy,siang,loren,30
2026-07-13T18:49:22.041891,landmarks/siang/loren/siang_loren_20260713_184900_siang_002.npy,siang,loren,30
2026-07-13T18:49:32.705112,landmarks/siang/loren/siang_loren_20260713_184900_siang_003.npy,siang,loren,30
2026-07-13T18:49:45.161352,landmarks/siang/loren/siang_loren_20260713_184900_siang_004.npy,siang,loren,30
2026-07-13T18:49:56.285101,landmarks/siang/loren/siang_loren_20260713_184900_siang_005.npy,siang,loren,30
2026-07-13T18:50:27.585585,landmarks/siang/loren/siang_loren_20260713_185016_siang_001.npy,siang,loren,30
2026-07-13T18:50:38.410478,landmarks/siang/loren/siang_loren_20260713_185016_siang_002.npy,siang,loren,30
2026-07-13T18:50:50.345983,landmarks/siang/loren/siang_loren_20260713_185016_siang_003.npy,siang,loren,30
2026-07-13T18:51:02.004321,landmarks/siang/loren/siang_loren_20260713_185016_siang_004.npy,siang,loren,30
2026-07-13T18:51:12.940328,landmarks/siang/loren/siang_loren_20260713_185016_siang_005.npy,siang,loren,30
2026-07-13T19:02:16.782904,landmarks/malam/glenn/malam_glenn_20260713_190205_malam_001.npy,malam,glenn,30
2026-07-13T19:02:26.430639,landmarks/malam/glenn/malam_glenn_20260713_190205_malam_002.npy,malam,glenn,30
2026-07-13T19:02:36.816032,landmarks/malam/glenn/malam_glenn_20260713_190205_malam_003.npy,malam,glenn,30
2026-07-13T19:02:58.693729,landmarks/malam/glenn/malam_glenn_20260713_190205_malam_005.npy,malam,glenn,30
2026-07-13T19:03:22.102013,landmarks/malam/glenn/malam_glenn_20260713_190311_malam_001.npy,malam,glenn,30
2026-07-13T19:03:32.691453,landmarks/malam/glenn/malam_glenn_20260713_190311_malam_002.npy,malam,glenn,30
2026-07-13T19:03:43.214496,landmarks/malam/glenn/malam_glenn_20260713_190311_malam_003.npy,malam,glenn,30
2026-07-13T19:03:53.869385,landmarks/malam/glenn/malam_glenn_20260713_190311_malam_004.npy,malam,glenn,30
2026-07-13T19:04:05.029786,landmarks/malam/glenn/malam_glenn_20260713_190311_malam_005.npy,malam,glenn,30
2026-07-13T19:04:22.996792,landmarks/malam/glenn/malam_glenn_20260713_190411_malam_001.npy,malam,glenn,30
2026-07-13T19:04:32.863451,landmarks/malam/glenn/malam_glenn_20260713_190411_malam_002.npy,malam,glenn,30
2026-07-13T19:04:43.431411,landmarks/malam/glenn/malam_glenn_20260713_190411_malam_003.npy,malam,glenn,30
2026-07-13T19:04:54.048773,landmarks/malam/glenn/malam_glenn_20260713_190411_malam_004.npy,malam,glenn,30
2026-07-13T19:05:06.498553,landmarks/malam/glenn/malam_glenn_20260713_190411_malam_005.npy,malam,glenn,30
2026-07-13T19:12:59.651714,landmarks/malam/loren/malam_loren_20260713_191246_malam_001.npy,malam,loren,30
2026-07-13T19:13:11.592039,landmarks/malam/loren/malam_loren_20260713_191246_malam_002.npy,malam,loren,30
2026-07-13T19:13:23.083524,landmarks/malam/loren/malam_loren_20260713_191246_malam_003.npy,malam,loren,30
2026-07-13T19:13:34.917190,landmarks/malam/loren/malam_loren_20260713_191246_malam_004.npy,malam,loren,30
2026-07-13T19:13:45.781560,landmarks/malam/loren/malam_loren_20260713_191246_malam_005.npy,malam,loren,30
2026-07-13T19:14:07.542695,landmarks/malam/loren/malam_loren_20260713_191354_malam_001.npy,malam,loren,30
2026-07-13T19:14:19.242155,landmarks/malam/loren/malam_loren_20260713_191354_malam_002.npy,malam,loren,30
2026-07-13T19:14:29.975849,landmarks/malam/loren/malam_loren_20260713_191354_malam_003.npy,malam,loren,30
2026-07-13T19:14:41.588611,landmarks/malam/loren/malam_loren_20260713_191354_malam_004.npy,malam,loren,30
2026-07-13T19:14:52.980068,landmarks/malam/loren/malam_loren_20260713_191354_malam_005.npy,malam,loren,30
2026-07-13T19:15:14.810195,landmarks/malam/loren/malam_loren_20260713_191503_malam_001.npy,malam,loren,30
2026-07-13T19:15:27.760022,landmarks/malam/loren/malam_loren_20260713_191503_malam_002.npy,malam,loren,30
2026-07-13T19:15:40.081454,landmarks/malam/loren/malam_loren_20260713_191503_malam_003.npy,malam,loren,30
2026-07-13T19:15:51.618335,landmarks/malam/loren/malam_loren_20260713_191503_malam_004.npy,malam,loren,30
2026-07-13T19:16:05.092226,landmarks/malam/loren/malam_loren_20260713_191503_malam_005.npy,malam,loren,30
2026-07-13T19:17:41.438825,landmarks/makan/loren/makan_loren_20260713_191729_makan_001.npy,makan,loren,30
2026-07-13T19:17:52.467136,landmarks/makan/loren/makan_loren_20260713_191729_makan_002.npy,makan,loren,30
2026-07-13T19:18:03.477628,landmarks/makan/loren/makan_loren_20260713_191729_makan_003.npy,makan,loren,30
2026-07-13T19:18:14.740387,landmarks/makan/loren/makan_loren_20260713_191729_makan_004.npy,makan,loren,30
2026-07-13T19:18:26.326368,landmarks/makan/loren/makan_loren_20260713_191729_makan_005.npy,makan,loren,30
2026-07-13T19:18:48.028953,landmarks/makan/loren/makan_loren_20260713_191837_makan_001.npy,makan,loren,30
2026-07-13T19:18:59.007180,landmarks/makan/loren/makan_loren_20260713_191837_makan_002.npy,makan,loren,30
2026-07-13T19:19:10.612401,landmarks/makan/loren/makan_loren_20260713_191837_makan_003.npy,makan,loren,30
2026-07-13T19:19:22.232567,landmarks/makan/loren/makan_loren_20260713_191837_makan_004.npy,makan,loren,30
2026-07-13T19:19:33.307498,landmarks/makan/loren/makan_loren_20260713_191837_makan_005.npy,makan,loren,30
2026-07-13T19:20:24.576142,landmarks/makan/loren/makan_loren_20260713_192001_makan_002.npy,makan,loren,30
2026-07-13T19:20:35.694297,landmarks/makan/loren/makan_loren_20260713_192001_makan_003.npy,makan,loren,30
2026-07-13T19:20:47.408093,landmarks/makan/loren/makan_loren_20260713_192001_makan_004.npy,makan,loren,30
2026-07-13T19:20:58.505358,landmarks/makan/loren/makan_loren_20260713_192001_makan_005.npy,makan,loren,30
2026-07-13T19:23:18.808037,landmarks/minum/loren/minum_loren_20260713_192308_minum_001.npy,minum,loren,30
2026-07-13T19:23:29.886305,landmarks/minum/loren/minum_loren_20260713_192308_minum_002.npy,minum,loren,30
2026-07-13T19:23:42.604158,landmarks/minum/loren/minum_loren_20260713_192308_minum_003.npy,minum,loren,30
2026-07-13T19:23:54.163887,landmarks/minum/loren/minum_loren_20260713_192308_minum_004.npy,minum,loren,30
2026-07-13T19:24:05.426975,landmarks/minum/loren/minum_loren_20260713_192308_minum_005.npy,minum,loren,30
2026-07-13T19:24:26.256745,landmarks/minum/loren/minum_loren_20260713_192415_minum_001.npy,minum,loren,30
2026-07-13T19:24:37.682784,landmarks/minum/loren/minum_loren_20260713_192415_minum_002.npy,minum,loren,30
2026-07-13T19:24:49.908799,landmarks/minum/loren/minum_loren_20260713_192415_minum_003.npy,minum,loren,30
2026-07-13T19:25:00.655696,landmarks/minum/loren/minum_loren_20260713_192415_minum_004.npy,minum,loren,30
2026-07-13T19:25:11.833856,landmarks/minum/loren/minum_loren_20260713_192415_minum_005.npy,minum,loren,30
2026-07-13T19:25:31.282213,landmarks/minum/loren/minum_loren_20260713_192519_minum_001.npy,minum,loren,30
2026-07-13T19:25:42.356499,landmarks/minum/loren/minum_loren_20260713_192519_minum_002.npy,minum,loren,30
2026-07-13T19:25:53.935365,landmarks/minum/loren/minum_loren_20260713_192519_minum_003.npy,minum,loren,30
2026-07-13T19:26:05.141197,landmarks/minum/loren/minum_loren_20260713_192519_minum_004.npy,minum,loren,30
2026-07-13T19:26:16.898130,landmarks/minum/loren/minum_loren_20260713_192519_minum_005.npy,minum,loren,30
2026-07-13T19:28:08.528598,landmarks/batuk/loren/batuk_loren_20260713_192758_batuk_001.npy,batuk,loren,30
2026-07-13T19:28:18.756946,landmarks/batuk/loren/batuk_loren_20260713_192758_batuk_002.npy,batuk,loren,30
2026-07-13T19:28:36.105131,landmarks/batuk/loren/batuk_loren_20260713_192758_batuk_003.npy,batuk,loren,30
2026-07-13T19:28:46.836813,landmarks/batuk/loren/batuk_loren_20260713_192758_batuk_004.npy,batuk,loren,30
2026-07-13T19:28:57.099243,landmarks/batuk/loren/batuk_loren_20260713_192758_batuk_005.npy,batuk,loren,30
2026-07-13T19:29:20.401203,landmarks/batuk/loren/batuk_loren_20260713_192908_batuk_001.npy,batuk,loren,30
2026-07-13T19:29:30.932977,landmarks/batuk/loren/batuk_loren_20260713_192908_batuk_002.npy,batuk,loren,30
2026-07-13T19:29:41.974230,landmarks/batuk/loren/batuk_loren_20260713_192908_batuk_003.npy,batuk,loren,30
2026-07-13T19:29:52.313249,landmarks/batuk/loren/batuk_loren_20260713_192908_batuk_004.npy,batuk,loren,30
2026-07-13T19:30:04.307382,landmarks/batuk/loren/batuk_loren_20260713_192908_batuk_005.npy,batuk,loren,30
2026-07-13T19:30:27.023363,landmarks/batuk/loren/batuk_loren_20260713_193017_batuk_001.npy,batuk,loren,30
2026-07-13T19:30:37.643422,landmarks/batuk/loren/batuk_loren_20260713_193017_batuk_002.npy,batuk,loren,30
2026-07-13T19:30:47.798103,landmarks/batuk/loren/batuk_loren_20260713_193017_batuk_003.npy,batuk,loren,30
2026-07-13T19:30:58.310384,landmarks/batuk/loren/batuk_loren_20260713_193017_batuk_004.npy,batuk,loren,30
2026-07-13T19:31:08.708623,landmarks/batuk/loren/batuk_loren_20260713_193017_batuk_005.npy,batuk,loren,30
2026-07-13T19:32:20.333056,landmarks/sesak/loren/sesak_loren_20260713_193209_sesak_001.npy,sesak,loren,30
2026-07-13T19:32:31.616110,landmarks/sesak/loren/sesak_loren_20260713_193209_sesak_002.npy,sesak,loren,30
2026-07-13T19:32:42.315258,landmarks/sesak/loren/sesak_loren_20260713_193209_sesak_003.npy,sesak,loren,30
2026-07-13T19:32:54.445532,landmarks/sesak/loren/sesak_loren_20260713_193209_sesak_004.npy,sesak,loren,30
2026-07-13T19:33:05.299755,landmarks/sesak/loren/sesak_loren_20260713_193209_sesak_005.npy,sesak,loren,30
2026-07-13T19:33:29.518991,landmarks/sesak/loren/sesak_loren_20260713_193318_sesak_001.npy,sesak,loren,30
2026-07-13T19:33:40.953226,landmarks/sesak/loren/sesak_loren_20260713_193318_sesak_002.npy,sesak,loren,30
2026-07-13T19:33:52.465777,landmarks/sesak/loren/sesak_loren_20260713_193318_sesak_003.npy,sesak,loren,30
2026-07-13T19:34:03.622485,landmarks/sesak/loren/sesak_loren_20260713_193318_sesak_004.npy,sesak,loren,30
2026-07-13T19:34:15.004146,landmarks/sesak/loren/sesak_loren_20260713_193318_sesak_005.npy,sesak,loren,30
2026-07-13T19:34:36.444377,landmarks/sesak/loren/sesak_loren_20260713_193425_sesak_001.npy,sesak,loren,30
2026-07-13T19:34:51.511039,landmarks/sesak/loren/sesak_loren_20260713_193425_sesak_002.npy,sesak,loren,30
2026-07-13T19:35:02.241600,landmarks/sesak/loren/sesak_loren_20260713_193425_sesak_003.npy,sesak,loren,30
2026-07-13T19:35:12.918575,landmarks/sesak/loren/sesak_loren_20260713_193425_sesak_004.npy,sesak,loren,30
2026-07-13T19:35:23.569882,landmarks/sesak/loren/sesak_loren_20260713_193425_sesak_005.npy,sesak,loren,30
2026-07-13T19:37:52.011102,landmarks/napas/loren/napas_loren_20260713_193741_napas_001.npy,napas,loren,30
2026-07-13T19:38:03.745486,landmarks/napas/loren/napas_loren_20260713_193741_napas_002.npy,napas,loren,30
2026-07-13T19:38:17.005853,landmarks/napas/loren/napas_loren_20260713_193741_napas_003.npy,napas,loren,30
2026-07-13T19:38:27.431900,landmarks/napas/loren/napas_loren_20260713_193741_napas_004.npy,napas,loren,30
2026-07-13T19:38:38.292193,landmarks/napas/loren/napas_loren_20260713_193741_napas_005.npy,napas,loren,30
2026-07-13T19:39:29.635121,landmarks/napas/loren/napas_loren_20260713_193919_napas_001.npy,napas,loren,30
2026-07-13T19:39:41.143060,landmarks/napas/loren/napas_loren_20260713_193919_napas_002.npy,napas,loren,30
2026-07-13T19:39:52.051178,landmarks/napas/loren/napas_loren_20260713_193919_napas_003.npy,napas,loren,30
2026-07-13T19:40:02.882929,landmarks/napas/loren/napas_loren_20260713_193919_napas_004.npy,napas,loren,30
2026-07-13T19:40:14.729197,landmarks/napas/loren/napas_loren_20260713_193919_napas_005.npy,napas,loren,30
2026-07-13T19:40:32.746072,landmarks/napas/loren/napas_loren_20260713_194021_napas_001.npy,napas,loren,30
2026-07-13T19:40:43.987732,landmarks/napas/loren/napas_loren_20260713_194021_napas_002.npy,napas,loren,30
2026-07-13T19:40:54.232269,landmarks/napas/loren/napas_loren_20260713_194021_napas_003.npy,napas,loren,30
2026-07-13T19:41:05.565079,landmarks/napas/loren/napas_loren_20260713_194021_napas_004.npy,napas,loren,30
2026-07-13T19:41:16.671968,landmarks/napas/loren/napas_loren_20260713_194021_napas_005.npy,napas,loren,30
2026-07-13T19:42:18.654578,landmarks/malam/glenn/malam_glenn_20260713_190205_malam_004.npy,malam,glenn,30
2026-07-13T19:42:18.751817,landmarks/makan/loren/makan_loren_20260713_192001_makan_001.npy,makan,loren,30
2026-07-18T10:12:50.756600,landmarks/dada/glenn/dada_glenn_20260718_101237_dada_001.npy,dada,glenn,30
2026-07-18T10:13:06.832195,landmarks/dada/glenn/dada_glenn_20260718_101237_dada_002.npy,dada,glenn,30
2026-07-18T10:13:19.802520,landmarks/dada/glenn/dada_glenn_20260718_101237_dada_003.npy,dada,glenn,30
2026-07-18T10:13:33.582080,landmarks/dada/glenn/dada_glenn_20260718_101237_dada_004.npy,dada,glenn,30
2026-07-18T10:13:46.417545,landmarks/dada/glenn/dada_glenn_20260718_101237_dada_005.npy,dada,glenn,30
2026-07-18T10:17:02.162376,landmarks/dada/albert_william/dada_albert_william_20260718_101649_dada_001.npy,dada,albert_william,30
2026-07-18T10:17:14.458273,landmarks/dada/albert_william/dada_albert_william_20260718_101649_dada_002.npy,dada,albert_william,30
2026-07-18T10:17:31.980235,landmarks/dada/albert_william/dada_albert_william_20260718_101649_dada_003.npy,dada,albert_william,30
2026-07-18T10:17:44.782844,landmarks/dada/albert_william/dada_albert_william_20260718_101649_dada_004.npy,dada,albert_william,30
2026-07-18T10:17:57.618427,landmarks/dada/albert_william/dada_albert_william_20260718_101649_dada_005.npy,dada,albert_william,30
2026-07-18T10:18:21.177505,landmarks/dada/albert_william/dada_albert_william_20260718_101810_dada_001.npy,dada,albert_william,30
2026-07-18T10:18:34.296188,landmarks/dada/albert_william/dada_albert_william_20260718_101810_dada_002.npy,dada,albert_william,30
2026-07-18T10:18:47.146456,landmarks/dada/albert_william/dada_albert_william_20260718_101810_dada_003.npy,dada,albert_william,30
2026-07-18T10:19:00.414268,landmarks/dada/albert_william/dada_albert_william_20260718_101810_dada_004.npy,dada,albert_william,30
2026-07-18T10:19:12.724008,landmarks/dada/albert_william/dada_albert_william_20260718_101810_dada_005.npy,dada,albert_william,30
2026-07-18T10:21:04.035204,landmarks/dada/albert_cheng/dada_albert_cheng_20260718_102051_dada_001.npy,dada,albert_cheng,30
2026-07-18T10:21:19.758473,landmarks/dada/albert_cheng/dada_albert_cheng_20260718_102051_dada_002.npy,dada,albert_cheng,30
2026-07-18T10:21:33.780087,landmarks/dada/albert_cheng/dada_albert_cheng_20260718_102051_dada_003.npy,dada,albert_cheng,30
2026-07-18T10:22:44.442482,landmarks/dada/albert_cheng/dada_albert_cheng_20260718_102232_dada_001.npy,dada,albert_cheng,30
2026-07-18T10:22:56.522421,landmarks/dada/albert_cheng/dada_albert_cheng_20260718_102232_dada_002.npy,dada,albert_cheng,30
2026-07-18T10:23:09.057739,landmarks/dada/albert_cheng/dada_albert_cheng_20260718_102232_dada_003.npy,dada,albert_cheng,30
2026-07-18T10:23:20.919164,landmarks/dada/albert_cheng/dada_albert_cheng_20260718_102232_dada_004.npy,dada,albert_cheng,30
2026-07-18T10:23:33.259009,landmarks/dada/albert_cheng/dada_albert_cheng_20260718_102232_dada_005.npy,dada,albert_cheng,30
2026-07-18T10:25:36.733827,landmarks/dada/albert_cheng/dada_albert_cheng_20260718_102522_dada_001.npy,dada,albert_cheng,30
2026-07-18T10:25:49.312423,landmarks/dada/albert_cheng/dada_albert_cheng_20260718_102522_dada_002.npy,dada,albert_cheng,30
2026-07-18T10:26:02.142928,landmarks/dada/albert_cheng/dada_albert_cheng_20260718_102522_dada_003.npy,dada,albert_cheng,30
2026-07-18T10:26:14.360330,landmarks/dada/albert_cheng/dada_albert_cheng_20260718_102522_dada_004.npy,dada,albert_cheng,30
2026-07-18T10:26:27.356694,landmarks/dada/albert_cheng/dada_albert_cheng_20260718_102522_dada_005.npy,dada,albert_cheng,30
2026-07-18T10:28:19.802005,landmarks/dada/albert_cheng/dada_albert_cheng_20260718_102808_dada_001.npy,dada,albert_cheng,30
2026-07-18T10:28:31.946902,landmarks/dada/albert_cheng/dada_albert_cheng_20260718_102808_dada_002.npy,dada,albert_cheng,30
2026-07-18T10:28:43.778094,landmarks/dada/albert_cheng/dada_albert_cheng_20260718_102808_dada_003.npy,dada,albert_cheng,30
2026-07-18T10:28:55.356711,landmarks/dada/albert_cheng/dada_albert_cheng_20260718_102808_dada_004.npy,dada,albert_cheng,30
2026-07-18T10:29:07.307774,landmarks/dada/albert_cheng/dada_albert_cheng_20260718_102808_dada_005.npy,dada,albert_cheng,30
2026-07-18T10:29:24.923094,landmarks/dada/albert_cheng/dada_albert_cheng_20260718_102914_dada_001.npy,dada,albert_cheng,30
2026-07-18T10:29:36.617396,landmarks/dada/albert_cheng/dada_albert_cheng_20260718_102914_dada_002.npy,dada,albert_cheng,30
2026-07-18T10:29:48.246835,landmarks/dada/albert_cheng/dada_albert_cheng_20260718_102914_dada_003.npy,dada,albert_cheng,30
2026-07-18T10:30:00.044017,landmarks/dada/albert_cheng/dada_albert_cheng_20260718_102914_dada_004.npy,dada,albert_cheng,30
2026-07-18T10:30:11.151589,landmarks/dada/albert_cheng/dada_albert_cheng_20260718_102914_dada_005.npy,dada,albert_cheng,30
2026-07-18T10:33:05.792585,landmarks/dahak/albert_william/dahak_albert_william_20260718_103253_dahak_001.npy,dahak,albert_william,30
2026-07-18T10:33:18.354214,landmarks/dahak/albert_william/dahak_albert_william_20260718_103253_dahak_002.npy,dahak,albert_william,30
2026-07-18T10:33:31.683485,landmarks/dahak/albert_william/dahak_albert_william_20260718_103253_dahak_003.npy,dahak,albert_william,30
2026-07-18T10:33:44.510394,landmarks/dahak/albert_william/dahak_albert_william_20260718_103253_dahak_004.npy,dahak,albert_william,30
2026-07-18T10:33:58.006933,landmarks/dahak/albert_william/dahak_albert_william_20260718_103253_dahak_005.npy,dahak,albert_william,30
2026-07-18T10:34:32.264963,landmarks/dahak/albert_william/dahak_albert_william_20260718_103421_dahak_001.npy,dahak,albert_william,30
2026-07-18T10:34:45.073395,landmarks/dahak/albert_william/dahak_albert_william_20260718_103421_dahak_002.npy,dahak,albert_william,30
2026-07-18T10:34:57.607134,landmarks/dahak/albert_william/dahak_albert_william_20260718_103421_dahak_003.npy,dahak,albert_william,30
2026-07-18T10:35:10.360579,landmarks/dahak/albert_william/dahak_albert_william_20260718_103421_dahak_004.npy,dahak,albert_william,30
2026-07-18T10:35:22.722289,landmarks/dahak/albert_william/dahak_albert_william_20260718_103421_dahak_005.npy,dahak,albert_william,30
2026-07-18T10:35:41.820120,landmarks/dahak/albert_william/dahak_albert_william_20260718_103528_dahak_001.npy,dahak,albert_william,30
2026-07-18T10:35:54.327336,landmarks/dahak/albert_william/dahak_albert_william_20260718_103528_dahak_002.npy,dahak,albert_william,30
2026-07-18T10:36:07.455874,landmarks/dahak/albert_william/dahak_albert_william_20260718_103528_dahak_003.npy,dahak,albert_william,30
2026-07-18T10:36:20.086708,landmarks/dahak/albert_william/dahak_albert_william_20260718_103528_dahak_004.npy,dahak,albert_william,30
2026-07-18T10:36:33.185155,landmarks/dahak/albert_william/dahak_albert_william_20260718_103528_dahak_005.npy,dahak,albert_william,30
2026-07-18T10:36:50.193058,landmarks/dahak/albert_william/dahak_albert_william_20260718_103639_dahak_001.npy,dahak,albert_william,30
2026-07-18T10:37:03.261973,landmarks/dahak/albert_william/dahak_albert_william_20260718_103639_dahak_002.npy,dahak,albert_william,30
2026-07-18T10:37:16.068814,landmarks/dahak/albert_william/dahak_albert_william_20260718_103639_dahak_003.npy,dahak,albert_william,30
2026-07-18T10:37:28.449373,landmarks/dahak/albert_william/dahak_albert_william_20260718_103639_dahak_004.npy,dahak,albert_william,30
2026-07-18T10:37:40.953243,landmarks/dahak/albert_william/dahak_albert_william_20260718_103639_dahak_005.npy,dahak,albert_william,30
2026-07-18T10:39:28.798442,landmarks/pilek/albert_cheng/pilek_albert_cheng_20260718_103916_pilek_001.npy,pilek,albert_cheng,30
2026-07-18T10:39:41.313135,landmarks/pilek/albert_cheng/pilek_albert_cheng_20260718_103916_pilek_002.npy,pilek,albert_cheng,30
2026-07-18T10:39:54.477164,landmarks/pilek/albert_cheng/pilek_albert_cheng_20260718_103916_pilek_003.npy,pilek,albert_cheng,30
2026-07-18T10:40:07.486910,landmarks/pilek/albert_cheng/pilek_albert_cheng_20260718_103916_pilek_004.npy,pilek,albert_cheng,30
2026-07-18T10:40:20.616943,landmarks/pilek/albert_cheng/pilek_albert_cheng_20260718_103916_pilek_005.npy,pilek,albert_cheng,30
2026-07-18T10:41:17.462749,landmarks/pilek/albert_cheng/pilek_albert_cheng_20260718_104106_pilek_001.npy,pilek,albert_cheng,30
2026-07-18T10:41:30.691086,landmarks/pilek/albert_cheng/pilek_albert_cheng_20260718_104106_pilek_002.npy,pilek,albert_cheng,30
2026-07-18T10:41:43.276806,landmarks/pilek/albert_cheng/pilek_albert_cheng_20260718_104106_pilek_003.npy,pilek,albert_cheng,30
2026-07-18T10:41:56.280981,landmarks/pilek/albert_cheng/pilek_albert_cheng_20260718_104106_pilek_004.npy,pilek,albert_cheng,30
2026-07-18T10:42:08.691210,landmarks/pilek/albert_cheng/pilek_albert_cheng_20260718_104106_pilek_005.npy,pilek,albert_cheng,30
2026-07-18T10:42:21.497360,landmarks/pilek/albert_cheng/pilek_albert_cheng_20260718_104106_pilek_006.npy,pilek,albert_cheng,30
2026-07-18T10:42:33.939933,landmarks/pilek/albert_cheng/pilek_albert_cheng_20260718_104106_pilek_007.npy,pilek,albert_cheng,30
2026-07-18T10:42:46.960027,landmarks/pilek/albert_cheng/pilek_albert_cheng_20260718_104106_pilek_008.npy,pilek,albert_cheng,30
2026-07-18T10:42:59.683940,landmarks/pilek/albert_cheng/pilek_albert_cheng_20260718_104106_pilek_009.npy,pilek,albert_cheng,30
2026-07-18T10:43:12.403881,landmarks/pilek/albert_cheng/pilek_albert_cheng_20260718_104106_pilek_010.npy,pilek,albert_cheng,30
2026-07-18T10:43:24.443368,landmarks/pilek/albert_cheng/pilek_albert_cheng_20260718_104106_pilek_011.npy,pilek,albert_cheng,30
2026-07-18T10:43:37.928217,landmarks/pilek/albert_cheng/pilek_albert_cheng_20260718_104106_pilek_012.npy,pilek,albert_cheng,30
2026-07-18T10:43:50.550263,landmarks/pilek/albert_cheng/pilek_albert_cheng_20260718_104106_pilek_013.npy,pilek,albert_cheng,30
2026-07-18T10:44:03.066003,landmarks/pilek/albert_cheng/pilek_albert_cheng_20260718_104106_pilek_014.npy,pilek,albert_cheng,30
2026-07-18T10:44:15.426179,landmarks/pilek/albert_cheng/pilek_albert_cheng_20260718_104106_pilek_015.npy,pilek,albert_cheng,30
2026-07-18T10:47:37.424857,landmarks/tenggorokan/albert_cheng/tenggorokan_albert_cheng_20260718_104725_tenggorokan_001.npy,tenggorokan,albert_cheng,30
2026-07-18T10:47:50.057640,landmarks/tenggorokan/albert_cheng/tenggorokan_albert_cheng_20260718_104725_tenggorokan_002.npy,tenggorokan,albert_cheng,30
2026-07-18T10:48:06.523248,landmarks/tenggorokan/albert_cheng/tenggorokan_albert_cheng_20260718_104725_tenggorokan_003.npy,tenggorokan,albert_cheng,30
2026-07-18T10:48:19.447079,landmarks/tenggorokan/albert_cheng/tenggorokan_albert_cheng_20260718_104725_tenggorokan_004.npy,tenggorokan,albert_cheng,30
2026-07-18T10:48:32.365454,landmarks/tenggorokan/albert_cheng/tenggorokan_albert_cheng_20260718_104725_tenggorokan_005.npy,tenggorokan,albert_cheng,30
2026-07-18T10:48:45.291701,landmarks/tenggorokan/albert_cheng/tenggorokan_albert_cheng_20260718_104725_tenggorokan_006.npy,tenggorokan,albert_cheng,30
2026-07-18T10:48:58.576868,landmarks/tenggorokan/albert_cheng/tenggorokan_albert_cheng_20260718_104725_tenggorokan_007.npy,tenggorokan,albert_cheng,30
2026-07-18T10:49:10.890978,landmarks/tenggorokan/albert_cheng/tenggorokan_albert_cheng_20260718_104725_tenggorokan_008.npy,tenggorokan,albert_cheng,30
2026-07-18T10:49:24.203576,landmarks/tenggorokan/albert_cheng/tenggorokan_albert_cheng_20260718_104725_tenggorokan_009.npy,tenggorokan,albert_cheng,30
2026-07-18T10:49:36.295283,landmarks/tenggorokan/albert_cheng/tenggorokan_albert_cheng_20260718_104725_tenggorokan_010.npy,tenggorokan,albert_cheng,30
2026-07-18T10:49:48.620014,landmarks/tenggorokan/albert_cheng/tenggorokan_albert_cheng_20260718_104725_tenggorokan_011.npy,tenggorokan,albert_cheng,30
2026-07-18T10:50:01.797125,landmarks/tenggorokan/albert_cheng/tenggorokan_albert_cheng_20260718_104725_tenggorokan_012.npy,tenggorokan,albert_cheng,30
2026-07-18T10:50:14.886279,landmarks/tenggorokan/albert_cheng/tenggorokan_albert_cheng_20260718_104725_tenggorokan_013.npy,tenggorokan,albert_cheng,30
2026-07-18T10:50:27.565359,landmarks/tenggorokan/albert_cheng/tenggorokan_albert_cheng_20260718_104725_tenggorokan_014.npy,tenggorokan,albert_cheng,30
2026-07-18T10:50:41.587678,landmarks/tenggorokan/albert_cheng/tenggorokan_albert_cheng_20260718_104725_tenggorokan_015.npy,tenggorokan,albert_cheng,30
2026-07-18T10:50:54.397525,landmarks/tenggorokan/albert_cheng/tenggorokan_albert_cheng_20260718_104725_tenggorokan_016.npy,tenggorokan,albert_cheng,30
2026-07-18T10:51:07.559266,landmarks/tenggorokan/albert_cheng/tenggorokan_albert_cheng_20260718_104725_tenggorokan_017.npy,tenggorokan,albert_cheng,30
2026-07-18T10:51:20.049002,landmarks/tenggorokan/albert_cheng/tenggorokan_albert_cheng_20260718_104725_tenggorokan_018.npy,tenggorokan,albert_cheng,30
2026-07-18T10:51:33.597410,landmarks/tenggorokan/albert_cheng/tenggorokan_albert_cheng_20260718_104725_tenggorokan_019.npy,tenggorokan,albert_cheng,30
2026-07-18T10:51:46.261626,landmarks/tenggorokan/albert_cheng/tenggorokan_albert_cheng_20260718_104725_tenggorokan_020.npy,tenggorokan,albert_cheng,30
2026-07-18T12:56:55.964938,landmarks/paru-paru/albert_cheng/paru-paru_albert_cheng_20260718_125640_paru-paru_001.npy,paru-paru,albert_cheng,30
2026-07-18T12:57:10.652957,landmarks/paru-paru/albert_cheng/paru-paru_albert_cheng_20260718_125640_paru-paru_002.npy,paru-paru,albert_cheng,30
2026-07-18T12:57:26.554086,landmarks/paru-paru/albert_cheng/paru-paru_albert_cheng_20260718_125640_paru-paru_003.npy,paru-paru,albert_cheng,30
2026-07-18T12:57:42.285096,landmarks/paru-paru/albert_cheng/paru-paru_albert_cheng_20260718_125640_paru-paru_004.npy,paru-paru,albert_cheng,30
2026-07-18T12:57:57.919837,landmarks/paru-paru/albert_cheng/paru-paru_albert_cheng_20260718_125640_paru-paru_005.npy,paru-paru,albert_cheng,30
2026-07-18T12:58:13.944181,landmarks/paru-paru/albert_cheng/paru-paru_albert_cheng_20260718_125640_paru-paru_006.npy,paru-paru,albert_cheng,30
2026-07-18T12:58:29.727574,landmarks/paru-paru/albert_cheng/paru-paru_albert_cheng_20260718_125640_paru-paru_007.npy,paru-paru,albert_cheng,30
2026-07-18T12:58:45.280742,landmarks/paru-paru/albert_cheng/paru-paru_albert_cheng_20260718_125640_paru-paru_008.npy,paru-paru,albert_cheng,30
2026-07-18T12:59:01.691919,landmarks/paru-paru/albert_cheng/paru-paru_albert_cheng_20260718_125640_paru-paru_009.npy,paru-paru,albert_cheng,30
2026-07-18T12:59:17.249904,landmarks/paru-paru/albert_cheng/paru-paru_albert_cheng_20260718_125640_paru-paru_010.npy,paru-paru,albert_cheng,30
2026-07-18T12:59:43.098736,landmarks/paru-paru/albert_cheng/paru-paru_albert_cheng_20260718_125928_paru-paru_001.npy,paru-paru,albert_cheng,30
2026-07-18T12:59:57.892760,landmarks/paru-paru/albert_cheng/paru-paru_albert_cheng_20260718_125928_paru-paru_002.npy,paru-paru,albert_cheng,30
2026-07-18T13:00:15.314323,landmarks/paru-paru/albert_cheng/paru-paru_albert_cheng_20260718_125928_paru-paru_003.npy,paru-paru,albert_cheng,30
2026-07-18T13:00:30.350832,landmarks/paru-paru/albert_cheng/paru-paru_albert_cheng_20260718_125928_paru-paru_004.npy,paru-paru,albert_cheng,30
2026-07-18T13:00:45.384088,landmarks/paru-paru/albert_cheng/paru-paru_albert_cheng_20260718_125928_paru-paru_005.npy,paru-paru,albert_cheng,30
2026-07-18T13:01:00.962716,landmarks/paru-paru/albert_cheng/paru-paru_albert_cheng_20260718_125928_paru-paru_006.npy,paru-paru,albert_cheng,30
2026-07-18T13:01:16.603092,landmarks/paru-paru/albert_cheng/paru-paru_albert_cheng_20260718_125928_paru-paru_007.npy,paru-paru,albert_cheng,30
2026-07-18T13:01:33.105749,landmarks/paru-paru/albert_cheng/paru-paru_albert_cheng_20260718_125928_paru-paru_008.npy,paru-paru,albert_cheng,30
2026-07-18T13:01:51.006351,landmarks/paru-paru/albert_cheng/paru-paru_albert_cheng_20260718_125928_paru-paru_009.npy,paru-paru,albert_cheng,30
2026-07-18T13:02:07.640063,landmarks/paru-paru/albert_cheng/paru-paru_albert_cheng_20260718_125928_paru-paru_010.npy,paru-paru,albert_cheng,30
2026-07-18T13:03:09.955564,landmarks/paru-paru/albert_cheng/paru-paru_albert_cheng_20260718_130254_paru-paru_001.npy,paru-paru,albert_cheng,30
2026-07-18T13:03:26.652776,landmarks/paru-paru/albert_cheng/paru-paru_albert_cheng_20260718_130254_paru-paru_002.npy,paru-paru,albert_cheng,30
2026-07-18T13:03:42.135087,landmarks/paru-paru/albert_cheng/paru-paru_albert_cheng_20260718_130254_paru-paru_003.npy,paru-paru,albert_cheng,30
2026-07-18T13:03:57.152458,landmarks/paru-paru/albert_cheng/paru-paru_albert_cheng_20260718_130254_paru-paru_004.npy,paru-paru,albert_cheng,30
2026-07-18T13:04:12.332730,landmarks/paru-paru/albert_cheng/paru-paru_albert_cheng_20260718_130254_paru-paru_005.npy,paru-paru,albert_cheng,30
2026-07-18T13:04:27.402181,landmarks/paru-paru/albert_cheng/paru-paru_albert_cheng_20260718_130254_paru-paru_006.npy,paru-paru,albert_cheng,30
2026-07-18T13:04:42.452147,landmarks/paru-paru/albert_cheng/paru-paru_albert_cheng_20260718_130254_paru-paru_007.npy,paru-paru,albert_cheng,30
2026-07-18T13:04:57.581949,landmarks/paru-paru/albert_cheng/paru-paru_albert_cheng_20260718_130254_paru-paru_008.npy,paru-paru,albert_cheng,30
2026-07-18T13:05:13.182070,landmarks/paru-paru/albert_cheng/paru-paru_albert_cheng_20260718_130254_paru-paru_009.npy,paru-paru,albert_cheng,30
2026-07-18T13:05:26.306446,landmarks/paru-paru/albert_cheng/paru-paru_albert_cheng_20260718_130254_paru-paru_010.npy,paru-paru,albert_cheng,30
2026-07-18T13:05:41.540322,landmarks/paru-paru/albert_cheng/paru-paru_albert_cheng_20260718_130254_paru-paru_011.npy,paru-paru,albert_cheng,30
2026-07-18T13:05:56.161970,landmarks/paru-paru/albert_cheng/paru-paru_albert_cheng_20260718_130254_paru-paru_012.npy,paru-paru,albert_cheng,30
2026-07-18T13:06:11.626205,landmarks/paru-paru/albert_cheng/paru-paru_albert_cheng_20260718_130254_paru-paru_013.npy,paru-paru,albert_cheng,30
2026-07-18T13:06:25.215562,landmarks/paru-paru/albert_cheng/paru-paru_albert_cheng_20260718_130254_paru-paru_014.npy,paru-paru,albert_cheng,30
2026-07-18T13:06:40.606595,landmarks/paru-paru/albert_cheng/paru-paru_albert_cheng_20260718_130254_paru-paru_015.npy,paru-paru,albert_cheng,30
2026-07-18T13:06:55.340382,landmarks/paru-paru/albert_cheng/paru-paru_albert_cheng_20260718_130254_paru-paru_016.npy,paru-paru,albert_cheng,30
2026-07-18T13:07:10.480338,landmarks/paru-paru/albert_cheng/paru-paru_albert_cheng_20260718_130254_paru-paru_017.npy,paru-paru,albert_cheng,30
2026-07-18T13:07:24.535485,landmarks/paru-paru/albert_cheng/paru-paru_albert_cheng_20260718_130254_paru-paru_018.npy,paru-paru,albert_cheng,30
2026-07-18T13:07:38.918945,landmarks/paru-paru/albert_cheng/paru-paru_albert_cheng_20260718_130254_paru-paru_019.npy,paru-paru,albert_cheng,30
2026-07-18T13:07:52.994635,landmarks/paru-paru/albert_cheng/paru-paru_albert_cheng_20260718_130254_paru-paru_020.npy,paru-paru,albert_cheng,30
2026-07-18T13:11:10.706336,landmarks/paru-paru/albert_cheng/paru-paru_albert_cheng_20260718_131054_paru-paru_001.npy,paru-paru,albert_cheng,30
2026-07-18T13:11:27.315824,landmarks/paru-paru/albert_cheng/paru-paru_albert_cheng_20260718_131054_paru-paru_002.npy,paru-paru,albert_cheng,30
2026-07-18T13:11:44.766821,landmarks/paru-paru/albert_cheng/paru-paru_albert_cheng_20260718_131054_paru-paru_003.npy,paru-paru,albert_cheng,30
2026-07-18T13:12:00.614453,landmarks/paru-paru/albert_cheng/paru-paru_albert_cheng_20260718_131054_paru-paru_004.npy,paru-paru,albert_cheng,30
2026-07-18T13:12:17.133881,landmarks/paru-paru/albert_cheng/paru-paru_albert_cheng_20260718_131054_paru-paru_005.npy,paru-paru,albert_cheng,30
2026-07-18T13:18:00.501588,landmarks/paru-paru/albert_cheng/paru-paru_albert_cheng_20260718_131746_paru-paru_001.npy,paru-paru,albert_cheng,30
2026-07-18T13:18:16.275821,landmarks/paru-paru/albert_cheng/paru-paru_albert_cheng_20260718_131746_paru-paru_002.npy,paru-paru,albert_cheng,30
2026-07-18T13:18:33.086865,landmarks/paru-paru/albert_cheng/paru-paru_albert_cheng_20260718_131746_paru-paru_003.npy,paru-paru,albert_cheng,30
2026-07-18T13:18:49.871856,landmarks/paru-paru/albert_cheng/paru-paru_albert_cheng_20260718_131746_paru-paru_004.npy,paru-paru,albert_cheng,30
2026-07-18T13:19:08.388799,landmarks/paru-paru/albert_cheng/paru-paru_albert_cheng_20260718_131746_paru-paru_005.npy,paru-paru,albert_cheng,30
2026-07-18T13:20:52.574121,landmarks/paru-paru/albert_william/paru-paru_albert_william_20260718_132036_paru-paru_001.npy,paru-paru,albert_william,30
